"RelativePath","Length","SHA256"
"backend\_asyncio.pyd","74088","E79DCC4EE292A9B93143674C3509743EF0496FD32E53C55B93F13CC402F815E5"
"backend\_bz2.pyd","86888","0EC5BDF4C688C1D2BDA00F61E1F9E1369188C1019173A5412981F6569A997347"
"backend\_ctypes.pyd","127848","ED4170B2C2C302639301A01C6AAC4C5575E6E4C936EDC803D3BA6C34444E35E1"
"backend\_decimal.pyd","259432","B6EDD193DC93D61846BE47ADDD36655AAAF6749EA0409564D04BEE6F785FFA15"
"backend\_elementtree.pyd","134648","9B72B42C3FA741025D760DB945D47F948271C884E61E5CBFB94F1C99B0446636"
"backend\_hashlib.pyd","67576","DFACBB48ADE3D53780FF1E6875DA90930A4A5D593E21984779079BD6F98F3768"
"backend\_lzma.pyd","160616","ED997CA4956FE7E27CC702ADAA8D31136312361D285B7B845C8829D8C5A89AE8"
"backend\_multiprocessing.pyd","37736","4616E0B5D2780F30584D031FBEF4DEA7A1B364AA3DC7A260C0DC02D19CB7CEE3"
"backend\_overlapped.pyd","58224","2C0F17EA5AE1A9F8C1C7D4DA1C0CD7D077864174B33BB65A479BDF5E76248D3B"
"backend\_queue.pyd","33784","EB4070D87384565985A59A7139E0903B120044059CB0934A9A425C360E93A34C"
"backend\_socket.pyd","85864","961DC7C65A28C174688E2F6B7803A615B9C034849A17CFC6527A27CCB2EEADB0"
"backend\_ssl.pyd","179192","78728B5E06037E3ADFE922B59BB1DD19DEA391E9CA02E21CAAB3CDC832111036"
"backend\_uuid.pyd","27128","31C83CB8C5E3EB397252FE871C74FB163D90B88C9E7AC7FD689EEBA88C0DD92E"
"backend\_wmi.pyd","39416","4F6361517B4E127642D4E641DDBFA060B3D32DA8AC7FC7A35A51C02680933084"
"backend\.native-backend-build.json","179","DCDB2F404E4C041461566C2E5E7D6E93540681ADF76504AC8930034BBF2BA808"
"backend\ada92cb5d92a588d1b93__mypyc.pyd","227328","DF5EA1B515F4E6677196F3D8C2F40A00B008D8E09152D08425F794E1B55F890D"
"backend\aicanvas-backend.exe","51969024","6BC07FF61E7080591D7EEBC959737BC2F93080FCDC9C10D6415FE148C7C6C753"
"backend\certifi\cacert.pem","240216","9CC2A774B5198DCFF14D9BE1E66091F538975D867CE029A96BCE15A55DFD730F"
"backend\charset_normalizer\cd.pyd","10752","BE1D8801C9785A52E5BC1B0C77CECA2C88041A5D9B9BAC7162D767F712EA10E3"
"backend\charset_normalizer\md.pyd","10752","A3D9C05DE6A69B7ADC024DE7B3FFE823E8C72F080E4A89D1AAC4B24173945815"
"backend\cv2\cv2.pyd","86293504","F1E76AB01CF4D33AF780ADF8ADA1A26C5EAEECC55D2CBE8A5E288195E8F9B0DD"
"backend\cv2\opencv_videoio_ffmpeg500_64.dll","30876160","7AABFF029D1FA47CF56EDE4DBBE05DC62DA3208F07CD16471D4C966A33F9AA31"
"backend\libcrypto-3.dll","5232408","4E5D5D20D6D31E72AB341C81E97B89E514326C4C861B48638243BDF0918CFA43"
"backend\libffi-8.dll","39696","EFF52743773EB550FCC6CE3EFC37C85724502233B6B002A35496D828BD7B280A"
"backend\libssl-3.dll","792856","2E4D35B681A172D3298CAF7DC670451BE7A8BA27C26446EFC67470742497A950"
"backend\numpy.libs\libscipy_openblas64_-327b2e0bcffce2882e0dc04cdeb4eaa6.dll","20495360","327B2E0BCFFCE2882E0DC04CDEB4EAA6382ED4DBA29871B6176FA157782F484A"
"backend\numpy.libs\msvcp140-a4c2229bdc2a2a630acdc095b4d86008.dll","575056","A4C2229BDC2A2A630ACDC095B4D86008E5C3E3BC7773174354F3DA4F5BEB9CDE"
"backend\numpy\_core\_multiarray_tests.pyd","65536","47FF40012CE4BBB2C2B4F698FA60F0551D35D817A39316D022AEFAAA48E1987E"
"backend\numpy\_core\_multiarray_umath.pyd","3849216","63169915C2D78ABA0984BD5E235A92936C319D228C35919A41758B20CD8683C1"
"backend\numpy\fft\_pocketfft_umath.pyd","276480","440A855ABA8838CD5C4E22B2618CD9F691AEA11130261A9318CC48050E76720E"
"backend\numpy\linalg\_umath_linalg.pyd","112128","26315B00A500EBFA5723776853BA651E3CAE05C22144F41305BA0CF3B29B9542"
"backend\numpy\random\_bounded_integers.pyd","207360","B15875AD2DED03FC5F555BF8D4781B526A070E9AED72B775499B875A9A6D4965"
"backend\numpy\random\_common.pyd","167424","EAF315793A49B211515951203A1A0E2D511AF930E024B6C93DEE7B3E5AB2AED3"
"backend\numpy\random\_generator.pyd","587776","F39F29E88E2AACC3B280D4C8A44A189A48722B1C7414DE516D6D1C4D13B13495"
"backend\numpy\random\_mt19937.pyd","89088","D202EA26FD003EB916A640B2E931B20512F65AAD0315F4F31D4E65C9D0E5F58E"
"backend\numpy\random\_pcg64.pyd","100864","C21833F36728E5AA2DB7B5C2FB290F6E62143C0167A317126B4C7A31380D4917"
"backend\numpy\random\_philox.pyd","85504","E482E082620A583B6A0D01171147F6FF7CDEE3B1D8F6D15E277AD6EFBF14EE40"
"backend\numpy\random\_sfc64.pyd","62464","EBF00341DA63FC784CC5E71E1497293CD3BE45E921C88D002ED7340C019EBADA"
"backend\numpy\random\bit_generator.pyd","165888","1C05DBF7C50D6A885E8F35FE360377368D12F4718EC0FEB6125C71B8D16C20EA"
"backend\numpy\random\mtrand.pyd","492544","FA7CBD1E1AA591B3B7EA291D63AA5C49ED37383EA7655D96A2FF44C4F2E90FC3"
"backend\PIL\_avif.pyd","7893504","6731DCE52BAAB0B96B0EEB3C664844B5B42C2168EA8668AF2430E2FBDD2DFBD8"
"backend\PIL\_imaging.pyd","2632704","C8C519EC72BF75B2945B4FC4AFA854AF2FCA8B970A403134F9DDDA3E164D85E9"
"backend\PIL\_imagingcms.pyd","272384","C89C633AE1BF3F26A327D14FF688DB66628E19C9866AB925479F27DCB60A2D6F"
"backend\PIL\_imagingmath.pyd","21504","82AC45C41A008854D05F67DEDA298B65A7BED850D0D79A3AF861ED583F6E7D62"
"backend\PIL\_webp.pyd","416256","9823CEBB84F425AF3AC1E7437259BC176E7AD7E25D7FA829B0E1A3E55C11BE70"
"backend\pyexpat.pyd","204136","6B4F77625A28693032AE629D8C4BC49A4D05A5362FF8C2D03EAA3DDED554BCB0"
"backend\python3.dll","70504","E6811BC64D0CC2A8525098B691DB364679602C7456894C2F69E1837214A8A705"
"backend\python312.dll","6920936","B6227A506A9963E7C8182785A54E14A193AF51F7B277A61DDA04492B499F49AD"
"backend\select.pyd","33128","E6BFF4F35AB49A84F9E5CCD4B26EFF30E1B2D7ADB67D91911C4B84BFABCC28B3"
"backend\unicodedata.pyd","1139704","A443F6132D63A683EA3EF463CFE00987E0CF94D02C9E14350795F1A521D05F50"
"backend\vcruntime140_1.dll","49744","82A2F9AE1E6146AE3CB0F4BC5A62B7227E0384209D9B1AEF86BBCC105912F7CD"
"backend\vcruntime140.dll","120400","36585912E5EAF83BA9FEA0631534F690CCDC2D7BA91537166FE53E56C221E153"
"dreamina\dreamina.exe","31932416","7B88B1E770CD4410D1AC6779057ADF7E9E0F6A1A00BC4FB2B9A564DB8DDB999E"
"ffmpeg\bin\ffmpeg.exe","101897728","1326DDE4C84FF1F96FE6B8916C5BED29E163E9B5DCCF995F6F3DB069D143EC5E"
"ffmpeg\bin\ffprobe.exe","101692928","B49CCC7C6547B141AD5A2F6EC69CC04323D7133D7704D70B331B904C63EECB07"
"ffmpeg\LICENSE","35147","8CEB4B9EE5ADEDDE47B31E975C1D90C73AD27B6B165A1DCD80C7C545EB65B903"
"ffmpeg\README.txt","41440","9172433FB251059A58D2FF11BA8C6132E04819136ED96E809563911FF0D13816"